{
  "checkpoint": "output/V17_3/yolo_v17_3_checkpoint_best.pt",
  "version": "v17.1",
  "data_path": "data/excavator-motion/data/75/xcmg_data_2025-04-11-17-46-49.hdf5",
  "excavator": "75",
  "n_frames": 941,
  "seq_len": 8,
  "grid_size": 14,
  "mae": {
    "boom": 0.02486332133412361,
    "arm": 0.029380014166235924,
    "bucket": 0.05486186221241951,
    "swing": 0.05315922945737839
  },
  "r2": {
    "boom": 0.978309690952301,
    "arm": 0.9696560502052307,
    "bucket": 0.994363009929657,
    "swing": 0.9764391779899597
  },
  "mae_mean": 0.04056610679253936,
  "r2_mean": 0.9796919822692871
}